auc,accuracy,balanced_accuracy,precision,recall,f1,average_precision,brier,confusion_matrix,class_recall,specificity,calibration_definition,ece_10_bins,calibration_bins,seed,task,model,loss,best_validation_score,evaluated_split,smoke
0.5,0.5304347826086957,0.5,0.0,0.0,0.0,0.46956521739130436,0.24909737773207932,"[[122, 0], [108, 0]]","[1.0, 0.0]",1.0,malignant probability vs malignant frequency,0.004863509485735884,"[{'bin': 0, 'count': 0, 'mean_probability': None, 'observed': None}, {'bin': 1, 'count': 0, 'mean_probability': None, 'observed': None}, {'bin': 2, 'count': 0, 'mean_probability': None, 'observed': None}, {'bin': 3, 'count': 0, 'mean_probability': None, 'observed': None}, {'bin': 4, 'count': 230, 'mean_probability': 0.47442872687704024, 'observed': 0.46956521739130436}, {'bin': 5, 'count': 0, 'mean_probability': None, 'observed': None}, {'bin': 6, 'count': 0, 'mean_probability': None, 'observed': None}, {'bin': 7, 'count': 0, 'mean_probability': None, 'observed': None}, {'bin': 8, 'count': 0, 'mean_probability': None, 'observed': None}, {'bin': 9, 'count': 0, 'mean_probability': None, 'observed': None}]",42,binary,metadata_empirical_prior,prior,0.5,test,False
0.5,0.3652173913043478,0.16666666666666666,0.06086956521739131,0.16666666666666666,0.08917197452229299,0.16666666666666666,0.7359040608851432,"[[84, 0, 0, 0, 0, 0], [5, 0, 0, 0, 0, 0], [19, 0, 0, 0, 0, 0], [73, 0, 0, 0, 0, 0], [25, 0, 0, 0, 0, 0], [24, 0, 0, 0, 0, 0]]","[1.0, 0.0, 0.0, 0.0, 0.0, 0.0]",,top-label confidence vs accuracy,0.003117755594455207,"[{'bin': 0, 'count': 0, 'mean_probability': None, 'observed': None}, {'bin': 1, 'count': 0, 'mean_probability': None, 'observed': None}, {'bin': 2, 'count': 0, 'mean_probability': None, 'observed': None}, {'bin': 3, 'count': 230, 'mean_probability': 0.36833514689880303, 'observed': 0.3652173913043478}, {'bin': 4, 'count': 0, 'mean_probability': None, 'observed': None}, {'bin': 5, 'count': 0, 'mean_probability': None, 'observed': None}, {'bin': 6, 'count': 0, 'mean_probability': None, 'observed': None}, {'bin': 7, 'count': 0, 'mean_probability': None, 'observed': None}, {'bin': 8, 'count': 0, 'mean_probability': None, 'observed': None}, {'bin': 9, 'count': 0, 'mean_probability': None, 'observed': None}]",42,multi,metadata_empirical_prior,prior,0.16666666666666666,test,False
0.5,0.5260869565217391,0.5,0.0,0.0,0.0,0.47391304347826085,0.2493194715052117,"[[121, 0], [109, 0]]","[1.0, 0.0]",1.0,malignant probability vs malignant frequency,2.838624213469254e-05,"[{'bin': 0, 'count': 0, 'mean_probability': None, 'observed': None}, {'bin': 1, 'count': 0, 'mean_probability': None, 'observed': None}, {'bin': 2, 'count': 0, 'mean_probability': None, 'observed': None}, {'bin': 3, 'count': 0, 'mean_probability': None, 'observed': None}, {'bin': 4, 'count': 230, 'mean_probability': 0.47388465723612616, 'observed': 0.47391304347826085}, {'bin': 5, 'count': 0, 'mean_probability': None, 'observed': None}, {'bin': 6, 'count': 0, 'mean_probability': None, 'observed': None}, {'bin': 7, 'count': 0, 'mean_probability': None, 'observed': None}, {'bin': 8, 'count': 0, 'mean_probability': None, 'observed': None}, {'bin': 9, 'count': 0, 'mean_probability': None, 'observed': None}]",123,binary,metadata_empirical_prior,prior,0.5,test,False
0.5,0.3652173913043478,0.16666666666666666,0.06086956521739131,0.16666666666666666,0.08917197452229299,0.1666666666666667,0.7365939587960876,"[[84, 0, 0, 0, 0, 0], [6, 0, 0, 0, 0, 0], [19, 0, 0, 0, 0, 0], [73, 0, 0, 0, 0, 0], [25, 0, 0, 0, 0, 0], [23, 0, 0, 0, 0, 0]]","[1.0, 0.0, 0.0, 0.0, 0.0, 0.0]",,top-label confidence vs accuracy,0.0025736859535412937,"[{'bin': 0, 'count': 0, 'mean_probability': None, 'observed': None}, {'bin': 1, 'count': 0, 'mean_probability': None, 'observed': None}, {'bin': 2, 'count': 0, 'mean_probability': None, 'observed': None}, {'bin': 3, 'count': 230, 'mean_probability': 0.3677910772578891, 'observed': 0.3652173913043478}, {'bin': 4, 'count': 0, 'mean_probability': None, 'observed': None}, {'bin': 5, 'count': 0, 'mean_probability': None, 'observed': None}, {'bin': 6, 'count': 0, 'mean_probability': None, 'observed': None}, {'bin': 7, 'count': 0, 'mean_probability': None, 'observed': None}, {'bin': 8, 'count': 0, 'mean_probability': None, 'observed': None}, {'bin': 9, 'count': 0, 'mean_probability': None, 'observed': None}]",123,multi,metadata_empirical_prior,prior,0.16666666666666666,test,False
0.5,0.5260869565217391,0.5,0.0,0.0,0.0,0.47391304347826085,0.24931947150521164,"[[121, 0], [109, 0]]","[1.0, 0.0]",1.0,malignant probability vs malignant frequency,2.838624213469254e-05,"[{'bin': 0, 'count': 0, 'mean_probability': None, 'observed': None}, {'bin': 1, 'count': 0, 'mean_probability': None, 'observed': None}, {'bin': 2, 'count': 0, 'mean_probability': None, 'observed': None}, {'bin': 3, 'count': 0, 'mean_probability': None, 'observed': None}, {'bin': 4, 'count': 230, 'mean_probability': 0.47388465723612616, 'observed': 0.47391304347826085}, {'bin': 5, 'count': 0, 'mean_probability': None, 'observed': None}, {'bin': 6, 'count': 0, 'mean_probability': None, 'observed': None}, {'bin': 7, 'count': 0, 'mean_probability': None, 'observed': None}, {'bin': 8, 'count': 0, 'mean_probability': None, 'observed': None}, {'bin': 9, 'count': 0, 'mean_probability': None, 'observed': None}]",456,binary,metadata_empirical_prior,prior,0.5,test,False
0.5,0.3695652173913043,0.16666666666666666,0.06159420289855072,0.16666666666666666,0.08994708994708994,0.16666666666666663,0.733626005751483,"[[85, 0, 0, 0, 0, 0], [5, 0, 0, 0, 0, 0], [19, 0, 0, 0, 0, 0], [73, 0, 0, 0, 0, 0], [24, 0, 0, 0, 0, 0], [24, 0, 0, 0, 0, 0]]","[1.0, 0.0, 0.0, 0.0, 0.0, 0.0]",,top-label confidence vs accuracy,0.002318209774329283,"[{'bin': 0, 'count': 0, 'mean_probability': None, 'observed': None}, {'bin': 1, 'count': 0, 'mean_probability': None, 'observed': None}, {'bin': 2, 'count': 0, 'mean_probability': None, 'observed': None}, {'bin': 3, 'count': 230, 'mean_probability': 0.36724700761697504, 'observed': 0.3695652173913043}, {'bin': 4, 'count': 0, 'mean_probability': None, 'observed': None}, {'bin': 5, 'count': 0, 'mean_probability': None, 'observed': None}, {'bin': 6, 'count': 0, 'mean_probability': None, 'observed': None}, {'bin': 7, 'count': 0, 'mean_probability': None, 'observed': None}, {'bin': 8, 'count': 0, 'mean_probability': None, 'observed': None}, {'bin': 9, 'count': 0, 'mean_probability': None, 'observed': None}]",456,multi,metadata_empirical_prior,prior,0.16666666666666666,test,False
0.5,0.5304347826086957,0.5,0.0,0.0,0.0,0.46956521739130436,0.2491029659195724,"[[122, 0], [108, 0]]","[1.0, 0.0]",1.0,malignant probability vs malignant frequency,0.005407579126649853,"[{'bin': 0, 'count': 0, 'mean_probability': None, 'observed': None}, {'bin': 1, 'count': 0, 'mean_probability': None, 'observed': None}, {'bin': 2, 'count': 0, 'mean_probability': None, 'observed': None}, {'bin': 3, 'count': 0, 'mean_probability': None, 'observed': None}, {'bin': 4, 'count': 230, 'mean_probability': 0.4749727965179542, 'observed': 0.46956521739130436}, {'bin': 5, 'count': 0, 'mean_probability': None, 'observed': None}, {'bin': 6, 'count': 0, 'mean_probability': None, 'observed': None}, {'bin': 7, 'count': 0, 'mean_probability': None, 'observed': None}, {'bin': 8, 'count': 0, 'mean_probability': None, 'observed': None}, {'bin': 9, 'count': 0, 'mean_probability': None, 'observed': None}]",789,binary,metadata_empirical_prior,prior,0.5,test,False
0.5,0.3652173913043478,0.16666666666666666,0.06086956521739131,0.16666666666666666,0.08917197452229299,0.16666666666666666,0.7359081741617963,"[[84, 0, 0, 0, 0, 0], [5, 0, 0, 0, 0, 0], [19, 0, 0, 0, 0, 0], [73, 0, 0, 0, 0, 0], [25, 0, 0, 0, 0, 0], [24, 0, 0, 0, 0, 0]]","[1.0, 0.0, 0.0, 0.0, 0.0, 0.0]",,top-label confidence vs accuracy,0.003117755594455207,"[{'bin': 0, 'count': 0, 'mean_probability': None, 'observed': None}, {'bin': 1, 'count': 0, 'mean_probability': None, 'observed': None}, {'bin': 2, 'count': 0, 'mean_probability': None, 'observed': None}, {'bin': 3, 'count': 230, 'mean_probability': 0.36833514689880303, 'observed': 0.3652173913043478}, {'bin': 4, 'count': 0, 'mean_probability': None, 'observed': None}, {'bin': 5, 'count': 0, 'mean_probability': None, 'observed': None}, {'bin': 6, 'count': 0, 'mean_probability': None, 'observed': None}, {'bin': 7, 'count': 0, 'mean_probability': None, 'observed': None}, {'bin': 8, 'count': 0, 'mean_probability': None, 'observed': None}, {'bin': 9, 'count': 0, 'mean_probability': None, 'observed': None}]",789,multi,metadata_empirical_prior,prior,0.16666666666666666,test,False
0.5,0.5260869565217391,0.5,0.0,0.0,0.0,0.47391304347826085,0.2493194715052117,"[[121, 0], [109, 0]]","[1.0, 0.0]",1.0,malignant probability vs malignant frequency,2.838624213469254e-05,"[{'bin': 0, 'count': 0, 'mean_probability': None, 'observed': None}, {'bin': 1, 'count': 0, 'mean_probability': None, 'observed': None}, {'bin': 2, 'count': 0, 'mean_probability': None, 'observed': None}, {'bin': 3, 'count': 0, 'mean_probability': None, 'observed': None}, {'bin': 4, 'count': 230, 'mean_probability': 0.47388465723612616, 'observed': 0.47391304347826085}, {'bin': 5, 'count': 0, 'mean_probability': None, 'observed': None}, {'bin': 6, 'count': 0, 'mean_probability': None, 'observed': None}, {'bin': 7, 'count': 0, 'mean_probability': None, 'observed': None}, {'bin': 8, 'count': 0, 'mean_probability': None, 'observed': None}, {'bin': 9, 'count': 0, 'mean_probability': None, 'observed': None}]",2024,binary,metadata_empirical_prior,prior,0.5,test,False
0.5,0.3695652173913043,0.16666666666666666,0.06159420289855072,0.16666666666666666,0.08994708994708994,0.16666666666666666,0.7335928884689926,"[[85, 0, 0, 0, 0, 0], [5, 0, 0, 0, 0, 0], [19, 0, 0, 0, 0, 0], [73, 0, 0, 0, 0, 0], [25, 0, 0, 0, 0, 0], [23, 0, 0, 0, 0, 0]]","[1.0, 0.0, 0.0, 0.0, 0.0, 0.0]",,top-label confidence vs accuracy,0.002318209774329283,"[{'bin': 0, 'count': 0, 'mean_probability': None, 'observed': None}, {'bin': 1, 'count': 0, 'mean_probability': None, 'observed': None}, {'bin': 2, 'count': 0, 'mean_probability': None, 'observed': None}, {'bin': 3, 'count': 230, 'mean_probability': 0.36724700761697504, 'observed': 0.3695652173913043}, {'bin': 4, 'count': 0, 'mean_probability': None, 'observed': None}, {'bin': 5, 'count': 0, 'mean_probability': None, 'observed': None}, {'bin': 6, 'count': 0, 'mean_probability': None, 'observed': None}, {'bin': 7, 'count': 0, 'mean_probability': None, 'observed': None}, {'bin': 8, 'count': 0, 'mean_probability': None, 'observed': None}, {'bin': 9, 'count': 0, 'mean_probability': None, 'observed': None}]",2024,multi,metadata_empirical_prior,prior,0.16666666666666666,test,False
