auc,accuracy,balanced_accuracy,precision,recall,f1,seed,task,model,loss,evaluated_split,smoke,best_epoch,best_validation_score,train_rows,val_rows,evaluated_rows
0.9411050394656952,0.8652173913043478,0.86710686095932,0.8290598290598291,0.8981481481481481,0.8622222222222222,42,binary,metadata_mlp,bce,test,False,12,0.9625445446963378,1838,230,230
0.8948065421654636,0.6304347826086957,0.51582838374475,0.514186423150968,0.51582838374475,0.49370323948130096,42,multi,metadata_mlp,focal,test,False,15,0.7046151337247227,1838,230,230
0.9589051482295853,0.9130434782608695,0.914625824550762,0.8803418803418803,0.944954128440367,0.911504424778761,123,binary,metadata_mlp,bce,test,False,3,0.9588293274698612,1838,230,230
0.9109457910644103,0.7,0.6781929535970161,0.6343465194935783,0.6781929535970161,0.6430256568847666,123,multi,metadata_mlp,focal,test,False,9,0.6740833415798426,1838,230,230
0.9224732731821972,0.8391304347826087,0.841193418758056,0.8,0.8807339449541285,0.8384279475982532,456,binary,metadata_mlp,bce,test,False,11,0.9263780423079839,1838,230,230
0.8953555752133647,0.6173913043478261,0.590579423309819,0.5412140992346259,0.590579423309819,0.5356386379893586,456,multi,metadata_mlp,focal,test,False,5,0.5087717823093627,1838,230,230
0.924408014571949,0.8521739130434782,0.8564055859137827,0.7936507936507936,0.9259259259259259,0.8547008547008547,789,binary,metadata_mlp,bce,test,False,8,0.9423193685488767,1838,230,230
0.9172181642862635,0.6217391304347826,0.5976463704924412,0.6080671756404933,0.5976463704924412,0.5610848087411445,789,multi,metadata_mlp,focal,test,False,15,0.7337020347672835,1838,230,230
0.9579952991128972,0.8652173913043478,0.8668966563044962,0.8305084745762712,0.8990825688073395,0.8634361233480177,2024,binary,metadata_mlp,bce,test,False,8,0.9278186367427402,1838,230,230
0.9244773893735495,0.7043478260869566,0.6142098932297285,0.5795121008537097,0.6142098932297285,0.582452216001568,2024,multi,metadata_mlp,focal,test,False,8,0.6439065364189415,1838,230,230
