auc,accuracy,balanced_accuracy,precision,recall,f1,average_precision,brier,confusion_matrix,class_recall,specificity,calibration_definition,ece_10_bins,calibration_bins,seed,task,model,loss,evaluated_split,smoke,best_validation_score,best_epoch,train_rows,val_rows,evaluated_rows
0.9593958712811173,0.8913043478260869,0.8906344869459624,0.8878504672897196,0.8796296296296297,0.8837209302325582,0.9560038417961485,0.08122572014753122,"[[110, 12], [13, 95]]","[0.9016393442622951, 0.8796296296296297]",0.9016393442622951,malignant probability vs malignant frequency,0.045182666276803285,"[{'bin': 0, 'count': 71, 'mean_probability': 0.033934979053034074, 'observed': 0.014084507042253521}, {'bin': 1, 'count': 23, 'mean_probability': 0.15070286873338515, 'observed': 0.17391304347826086}, {'bin': 2, 'count': 17, 'mean_probability': 0.25965102485275093, 'observed': 0.17647058823529413}, {'bin': 3, 'count': 9, 'mean_probability': 0.35932336991244657, 'observed': 0.4444444444444444}, {'bin': 4, 'count': 3, 'mean_probability': 0.4768150859112099, 'observed': 0.3333333333333333}, {'bin': 5, 'count': 11, 'mean_probability': 0.5588866315580074, 'observed': 0.6363636363636364}, {'bin': 6, 'count': 7, 'mean_probability': 0.6470069883023266, 'observed': 0.5714285714285714}, {'bin': 7, 'count': 17, 'mean_probability': 0.7596565286377976, 'observed': 0.8823529411764706}, {'bin': 8, 'count': 27, 'mean_probability': 0.8625768929861564, 'observed': 0.8888888888888888}, {'bin': 9, 'count': 45, 'mean_probability': 0.9630970113946801, 'observed': 1.0}]",42,binary,metadata_logreg,log_loss,test,False,0.9429827886875426,,,,
0.963949605343048,0.9,0.9036126290224651,0.8455284552845529,0.9629629629629629,0.9004329004329005,0.9463395380440275,0.07254000361961982,"[[103, 19], [4, 104]]","[0.8442622950819673, 0.9629629629629629]",0.8442622950819673,malignant probability vs malignant frequency,0.05059444372549667,"[{'bin': 0, 'count': 85, 'mean_probability': 0.02028993149948718, 'observed': 0.0}, {'bin': 1, 'count': 9, 'mean_probability': 0.16726820703583545, 'observed': 0.1111111111111111}, {'bin': 2, 'count': 3, 'mean_probability': 0.2585795015739775, 'observed': 0.3333333333333333}, {'bin': 3, 'count': 6, 'mean_probability': 0.33954793776513387, 'observed': 0.0}, {'bin': 4, 'count': 4, 'mean_probability': 0.46201664919922913, 'observed': 0.5}, {'bin': 5, 'count': 11, 'mean_probability': 0.5344090606427082, 'observed': 0.6363636363636364}, {'bin': 6, 'count': 15, 'mean_probability': 0.6400891233198028, 'observed': 0.5333333333333333}, {'bin': 7, 'count': 22, 'mean_probability': 0.7548747028814042, 'observed': 0.8181818181818182}, {'bin': 8, 'count': 23, 'mean_probability': 0.843101291124709, 'observed': 0.8695652173913043}, {'bin': 9, 'count': 52, 'mean_probability': 0.9371362025472058, 'observed': 0.9807692307692307}]",42,binary,metadata_boosting,log_loss,test,False,0.9620137993782698,,,,
0.5,0.5304347826086957,0.5,0.0,0.0,0.0,0.46956521739130436,0.24909737773207932,"[[122, 0], [108, 0]]","[1.0, 0.0]",1.0,malignant probability vs malignant frequency,0.004863509485735884,"[{'bin': 0, 'count': 0, 'mean_probability': None, 'observed': None}, {'bin': 1, 'count': 0, 'mean_probability': None, 'observed': None}, {'bin': 2, 'count': 0, 'mean_probability': None, 'observed': None}, {'bin': 3, 'count': 0, 'mean_probability': None, 'observed': None}, {'bin': 4, 'count': 230, 'mean_probability': 0.47442872687704024, 'observed': 0.46956521739130436}, {'bin': 5, 'count': 0, 'mean_probability': None, 'observed': None}, {'bin': 6, 'count': 0, 'mean_probability': None, 'observed': None}, {'bin': 7, 'count': 0, 'mean_probability': None, 'observed': None}, {'bin': 8, 'count': 0, 'mean_probability': None, 'observed': None}, {'bin': 9, 'count': 0, 'mean_probability': None, 'observed': None}]",42,binary,metadata_prior,prior,test,False,0.5,,,,
0.9608378870673953,0.8695652173913043,0.8706739526411658,0.8421052631578947,0.8888888888888888,0.8648648648648649,,,,,,,,,42,binary,B_metadata_capacity,focal,test,False,0.9639093183713701,7.0,1838.0,230.0,230.0
0.8882058287795993,0.8043478260869565,0.8001669702489375,0.8315789473684211,0.7314814814814815,0.7783251231527094,,,,,,,,,42,binary,B_visual_capacity,focal,test,False,0.932709075744939,13.0,1838.0,230.0,230.0
0.9651639344262295,0.8869565217391304,0.8913175470552519,0.8253968253968254,0.9629629629629629,0.8888888888888888,,,,,,,,,42,binary,A_focal,focal,test,False,0.9790734703161725,12.0,1838.0,230.0,230.0
0.9642531876138434,0.8869565217391304,0.8897237401335762,0.8416666666666667,0.9351851851851852,0.8859649122807017,,,,,,,,,42,binary,B_bce,bce,test,False,0.9710364697854272,9.0,1838.0,230.0,230.0
0.9524134790528234,0.8869565217391304,0.8849423193685488,0.9019607843137255,0.8518518518518519,0.8761904761904762,,,,,,,,,42,binary,metadata_mlp_focal,focal,test,False,0.96315111077413,9.0,1838.0,230.0,230.0
0.8847859811053075,0.7,0.6302076824481295,0.573289241622575,0.6302076824481295,0.5770098317419623,0.5915499059620138,0.4930539544938211,"[[63, 6, 7, 3, 2, 3], [0, 3, 0, 1, 0, 1], [9, 3, 6, 0, 1, 0], [3, 0, 3, 56, 5, 6], [0, 5, 0, 3, 16, 1], [0, 3, 0, 1, 3, 17]]","[0.75, 0.6, 0.3157894736842105, 0.7671232876712328, 0.64, 0.7083333333333334]",,top-label confidence vs accuracy,0.13608167454878886,"[{'bin': 0, 'count': 0, 'mean_probability': None, 'observed': None}, {'bin': 1, 'count': 0, 'mean_probability': None, 'observed': None}, {'bin': 2, 'count': 0, 'mean_probability': None, 'observed': None}, {'bin': 3, 'count': 14, 'mean_probability': 0.3503049367142153, 'observed': 0.5}, {'bin': 4, 'count': 22, 'mean_probability': 0.45608285110089763, 'observed': 0.5454545454545454}, {'bin': 5, 'count': 30, 'mean_probability': 0.547164805392024, 'observed': 0.6}, {'bin': 6, 'count': 35, 'mean_probability': 0.6377680233281329, 'observed': 0.8}, {'bin': 7, 'count': 37, 'mean_probability': 0.7447885378817919, 'observed': 0.8108108108108109}, {'bin': 8, 'count': 41, 'mean_probability': 0.8560990922211916, 'observed': 0.7560975609756098}, {'bin': 9, 'count': 51, 'mean_probability': 0.9496238251616277, 'observed': 0.6862745098039216}]",42,multi,metadata_logreg,log_loss,test,False,0.6849804305283757,,,,
0.9088956150305078,0.7,0.5328588880877995,0.538209731102311,0.5328588880877995,0.533918763047213,0.6167395835986803,0.40897155451950645,"[[70, 2, 9, 2, 1, 0], [2, 0, 0, 2, 1, 0], [11, 1, 5, 1, 0, 1], [8, 0, 4, 52, 3, 6], [2, 3, 0, 3, 17, 0], [2, 0, 0, 1, 4, 17]]","[0.8333333333333334, 0.0, 0.2631578947368421, 0.7123287671232876, 0.68, 0.7083333333333334]",,top-label confidence vs accuracy,0.07980706626986726,"[{'bin': 0, 'count': 0, 'mean_probability': None, 'observed': None}, {'bin': 1, 'count': 0, 'mean_probability': None, 'observed': None}, {'bin': 2, 'count': 1, 'mean_probability': 0.2814091364042196, 'observed': 0.0}, {'bin': 3, 'count': 13, 'mean_probability': 0.36496405839641854, 'observed': 0.15384615384615385}, {'bin': 4, 'count': 33, 'mean_probability': 0.45667868811868334, 'observed': 0.45454545454545453}, {'bin': 5, 'count': 13, 'mean_probability': 0.5395260828497178, 'observed': 0.46153846153846156}, {'bin': 6, 'count': 32, 'mean_probability': 0.6419523844216473, 'observed': 0.84375}, {'bin': 7, 'count': 45, 'mean_probability': 0.7497874674246211, 'observed': 0.6444444444444445}, {'bin': 8, 'count': 34, 'mean_probability': 0.8499249050170669, 'observed': 0.7647058823529411}, {'bin': 9, 'count': 59, 'mean_probability': 0.9516956111585325, 'observed': 0.9491525423728814}]",42,multi,metadata_boosting,log_loss,test,False,0.6376657969123722,,,,
0.5,0.3173913043478261,0.16666666666666666,0.05289855072463768,0.16666666666666666,0.08030803080308031,0.16666666666666666,0.8333333333333337,"[[0, 0, 0, 84, 0, 0], [0, 0, 0, 5, 0, 0], [0, 0, 0, 19, 0, 0], [0, 0, 0, 73, 0, 0], [0, 0, 0, 25, 0, 0], [0, 0, 0, 24, 0, 0]]","[0.0, 0.0, 0.0, 1.0, 0.0, 0.0]",,top-label confidence vs accuracy,0.15072463768115826,"[{'bin': 0, 'count': 0, 'mean_probability': None, 'observed': None}, {'bin': 1, 'count': 230, 'mean_probability': 0.16666666666666782, 'observed': 0.3173913043478261}, {'bin': 2, 'count': 0, 'mean_probability': None, 'observed': None}, {'bin': 3, 'count': 0, 'mean_probability': None, 'observed': None}, {'bin': 4, 'count': 0, 'mean_probability': None, 'observed': None}, {'bin': 5, 'count': 0, 'mean_probability': None, 'observed': None}, {'bin': 6, 'count': 0, 'mean_probability': None, 'observed': None}, {'bin': 7, 'count': 0, 'mean_probability': None, 'observed': None}, {'bin': 8, 'count': 0, 'mean_probability': None, 'observed': None}, {'bin': 9, 'count': 0, 'mean_probability': None, 'observed': None}]",42,multi,metadata_prior,prior,test,False,0.16666666666666666,,,,
0.8902355931691041,0.6260869565217392,0.5209522379006878,0.513659897607266,0.5209522379006878,0.49667625854493935,,,,,,,,,42,multi,B_metadata_capacity,focal,test,False,0.7160306588388781,11.0,1838.0,230.0,230.0
0.9221561428524042,0.5521739130434783,0.6093774676417071,0.578304709181344,0.6093774676417071,0.537589980600251,,,,,,,,,42,multi,B_visual_capacity,focal,test,False,0.6442079799956512,11.0,1838.0,230.0,230.0
0.9503374023807718,0.9,0.9004094321025097,0.8839285714285714,0.908256880733945,0.8959276018099548,0.9315125789696037,0.08559360398212083,"[[108, 13], [10, 99]]","[0.8925619834710744, 0.908256880733945]",0.8925619834710744,malignant probability vs malignant frequency,0.07176864437392043,"[{'bin': 0, 'count': 64, 'mean_probability': 0.05087983418456872, 'observed': 0.0}, {'bin': 1, 'count': 29, 'mean_probability': 0.14957142921780422, 'observed': 0.034482758620689655}, {'bin': 2, 'count': 14, 'mean_probability': 0.2464768703390004, 'observed': 0.2857142857142857}, {'bin': 3, 'count': 3, 'mean_probability': 0.3764882405598395, 'observed': 0.6666666666666666}, {'bin': 4, 'count': 8, 'mean_probability': 0.4610529070274098, 'observed': 0.375}, {'bin': 5, 'count': 11, 'mean_probability': 0.53755973732125, 'observed': 0.8181818181818182}, {'bin': 6, 'count': 18, 'mean_probability': 0.646482685156176, 'observed': 0.7777777777777778}, {'bin': 7, 'count': 8, 'mean_probability': 0.7367561544194169, 'observed': 0.875}, {'bin': 8, 'count': 34, 'mean_probability': 0.8458030250399545, 'observed': 0.8823529411764706}, {'bin': 9, 'count': 41, 'mean_probability': 0.9513615256375105, 'observed': 0.9512195121951219}]",123,binary,metadata_logreg,log_loss,test,False,0.9504890439002198,,,,
0.9629994692546819,0.8956521739130435,0.895822276139207,0.8828828828828829,0.8990825688073395,0.8909090909090909,0.9357393474343677,0.06992887249737408,"[[108, 13], [11, 98]]","[0.8925619834710744, 0.8990825688073395]",0.8925619834710744,malignant probability vs malignant frequency,0.05132526616643062,"[{'bin': 0, 'count': 93, 'mean_probability': 0.019137587882339928, 'observed': 0.0}, {'bin': 1, 'count': 6, 'mean_probability': 0.1476745856021178, 'observed': 0.0}, {'bin': 2, 'count': 7, 'mean_probability': 0.2521042006006177, 'observed': 0.14285714285714285}, {'bin': 3, 'count': 9, 'mean_probability': 0.35286316578244603, 'observed': 0.8888888888888888}, {'bin': 4, 'count': 4, 'mean_probability': 0.4604187914302063, 'observed': 0.5}, {'bin': 5, 'count': 7, 'mean_probability': 0.5861090332393051, 'observed': 0.7142857142857143}, {'bin': 6, 'count': 2, 'mean_probability': 0.6506665183707401, 'observed': 0.5}, {'bin': 7, 'count': 19, 'mean_probability': 0.7506939099505876, 'observed': 0.7368421052631579}, {'bin': 8, 'count': 27, 'mean_probability': 0.8582754762047016, 'observed': 0.9259259259259259}, {'bin': 9, 'count': 56, 'mean_probability': 0.9445827491148808, 'observed': 0.9464285714285714}]",123,binary,metadata_boosting,log_loss,test,False,0.963226931533854,,,,
0.5,0.5260869565217391,0.5,0.0,0.0,0.0,0.47391304347826085,0.2493194715052117,"[[121, 0], [109, 0]]","[1.0, 0.0]",1.0,malignant probability vs malignant frequency,2.838624213469254e-05,"[{'bin': 0, 'count': 0, 'mean_probability': None, 'observed': None}, {'bin': 1, 'count': 0, 'mean_probability': None, 'observed': None}, {'bin': 2, 'count': 0, 'mean_probability': None, 'observed': None}, {'bin': 3, 'count': 0, 'mean_probability': None, 'observed': None}, {'bin': 4, 'count': 230, 'mean_probability': 0.47388465723612616, 'observed': 0.47391304347826085}, {'bin': 5, 'count': 0, 'mean_probability': None, 'observed': None}, {'bin': 6, 'count': 0, 'mean_probability': None, 'observed': None}, {'bin': 7, 'count': 0, 'mean_probability': None, 'observed': None}, {'bin': 8, 'count': 0, 'mean_probability': None, 'observed': None}, {'bin': 9, 'count': 0, 'mean_probability': None, 'observed': None}]",123,binary,metadata_prior,prior,test,False,0.5,,,,
0.956630525437865,0.8826086956521739,0.8806960345742665,0.9019607843137255,0.8440366972477065,0.8720379146919431,,,,,,,,,123,binary,B_metadata_capacity,focal,test,False,0.9557964970809008,5.0,1838.0,230.0,230.0
0.9109864280840094,0.691304347826087,0.676586549397225,0.8958333333333334,0.3944954128440367,0.5477707006369427,,,,,,,,,123,binary,B_visual_capacity,focal,test,False,0.9372962317082417,10.0,1838.0,230.0,230.0
0.9584502236712412,0.9130434782608695,0.9128061263173857,0.908256880733945,0.908256880733945,0.908256880733945,,,,,,,,,123,binary,A_focal,focal,test,False,0.9693684130714989,19.0,1838.0,230.0,230.0
0.9605732049435136,0.9173913043478261,0.9173932822806885,0.9090909090909091,0.9174311926605505,0.91324200913242,,,,,,,,,123,binary,B_bce,bce,test,False,0.9654257335658503,7.0,1838.0,230.0,230.0
0.9583744029115171,0.8739130434782608,0.8710667980893169,0.9081632653061225,0.8165137614678899,0.8599033816425121,,,,,,,,,123,binary,metadata_mlp_focal,focal,test,False,0.9561756008795208,3.0,1838.0,230.0,230.0
0.8983825947109109,0.6869565217391305,0.6033158636117791,0.5851719868890559,0.6033158636117791,0.5893324119204236,0.6839781531595968,0.43384892087174554,"[[62, 3, 15, 2, 0, 2], [0, 3, 0, 1, 2, 0], [6, 0, 5, 8, 0, 0], [2, 0, 8, 55, 5, 3], [2, 1, 0, 0, 20, 2], [1, 1, 1, 5, 2, 13]]","[0.7380952380952381, 0.5, 0.2631578947368421, 0.7534246575342466, 0.8, 0.5652173913043478]",,top-label confidence vs accuracy,0.030130738930646533,"[{'bin': 0, 'count': 0, 'mean_probability': None, 'observed': None}, {'bin': 1, 'count': 0, 'mean_probability': None, 'observed': None}, {'bin': 2, 'count': 1, 'mean_probability': 0.2763931092932132, 'observed': 0.0}, {'bin': 3, 'count': 6, 'mean_probability': 0.3636466608523934, 'observed': 0.3333333333333333}, {'bin': 4, 'count': 21, 'mean_probability': 0.47067109987614975, 'observed': 0.47619047619047616}, {'bin': 5, 'count': 41, 'mean_probability': 0.5530843998086709, 'observed': 0.5365853658536586}, {'bin': 6, 'count': 42, 'mean_probability': 0.6437478262610344, 'observed': 0.5714285714285714}, {'bin': 7, 'count': 34, 'mean_probability': 0.7541834688537143, 'observed': 0.7058823529411765}, {'bin': 8, 'count': 40, 'mean_probability': 0.8330075403920993, 'observed': 0.85}, {'bin': 9, 'count': 45, 'mean_probability': 0.9404463234795336, 'observed': 0.9333333333333333}]",123,multi,metadata_logreg,log_loss,test,False,0.7060969388957217,,,,
0.9039294388991732,0.6826086956521739,0.5532625115498693,0.5766281009684066,0.5532625115498693,0.5604253829996297,0.6770969542982205,0.4288370646406702,"[[65, 1, 17, 0, 0, 1], [1, 2, 2, 0, 1, 0], [8, 0, 4, 5, 0, 2], [3, 0, 3, 56, 3, 8], [1, 0, 2, 0, 20, 2], [1, 1, 1, 7, 3, 10]]","[0.7738095238095238, 0.3333333333333333, 0.21052631578947367, 0.7671232876712328, 0.8, 0.43478260869565216]",,top-label confidence vs accuracy,0.04632062078092974,"[{'bin': 0, 'count': 0, 'mean_probability': None, 'observed': None}, {'bin': 1, 'count': 0, 'mean_probability': None, 'observed': None}, {'bin': 2, 'count': 0, 'mean_probability': None, 'observed': None}, {'bin': 3, 'count': 9, 'mean_probability': 0.3627373280167852, 'observed': 0.4444444444444444}, {'bin': 4, 'count': 29, 'mean_probability': 0.45504154567684907, 'observed': 0.3448275862068966}, {'bin': 5, 'count': 43, 'mean_probability': 0.5465380377420862, 'observed': 0.5348837209302325}, {'bin': 6, 'count': 21, 'mean_probability': 0.6705320036296716, 'observed': 0.5714285714285714}, {'bin': 7, 'count': 35, 'mean_probability': 0.7483591308207602, 'observed': 0.6571428571428571}, {'bin': 8, 'count': 47, 'mean_probability': 0.8520829148928419, 'observed': 0.851063829787234}, {'bin': 9, 'count': 46, 'mean_probability': 0.9587087037105806, 'observed': 0.9782608695652174}]",123,multi,metadata_boosting,log_loss,test,False,0.7052871316755494,,,,
0.5,0.3652173913043478,0.16666666666666666,0.06086956521739131,0.16666666666666666,0.08917197452229299,0.1666666666666667,0.8333333333333326,"[[84, 0, 0, 0, 0, 0], [6, 0, 0, 0, 0, 0], [19, 0, 0, 0, 0, 0], [73, 0, 0, 0, 0, 0], [25, 0, 0, 0, 0, 0], [23, 0, 0, 0, 0, 0]]","[1.0, 0.0, 0.0, 0.0, 0.0, 0.0]",,top-label confidence vs accuracy,0.19855072463768025,"[{'bin': 0, 'count': 0, 'mean_probability': None, 'observed': None}, {'bin': 1, 'count': 230, 'mean_probability': 0.16666666666666757, 'observed': 0.3652173913043478}, {'bin': 2, 'count': 0, 'mean_probability': None, 'observed': None}, {'bin': 3, 'count': 0, 'mean_probability': None, 'observed': None}, {'bin': 4, 'count': 0, 'mean_probability': None, 'observed': None}, {'bin': 5, 'count': 0, 'mean_probability': None, 'observed': None}, {'bin': 6, 'count': 0, 'mean_probability': None, 'observed': None}, {'bin': 7, 'count': 0, 'mean_probability': None, 'observed': None}, {'bin': 8, 'count': 0, 'mean_probability': None, 'observed': None}, {'bin': 9, 'count': 0, 'mean_probability': None, 'observed': None}]",123,multi,metadata_prior,prior,test,False,0.16666666666666666,,,,
0.9022878402853726,0.6434782608695652,0.5753543353121736,0.572243726422831,0.5753543353121736,0.5670879067225266,,,,,,,,,123,multi,B_metadata_capacity,focal,test,False,0.6795226213532758,24.0,1838.0,230.0,230.0
0.9225917240713587,0.7217391304347827,0.683828533513653,0.7122327480948171,0.683828533513653,0.6830205427047371,,,,,,,,,123,multi,B_visual_capacity,focal,test,False,0.6631600152678231,15.0,1838.0,230.0,230.0
0.9219425278641292,0.8391304347826087,0.8398286450830237,0.8157894736842105,0.8532110091743119,0.8340807174887892,0.9013983924681949,0.11257945862977912,"[[100, 21], [16, 93]]","[0.8264462809917356, 0.8532110091743119]",0.8264462809917356,malignant probability vs malignant frequency,0.061974689450754405,"[{'bin': 0, 'count': 81, 'mean_probability': 0.024725393304604465, 'observed': 0.04938271604938271}, {'bin': 1, 'count': 11, 'mean_probability': 0.15352363959619741, 'observed': 0.2727272727272727}, {'bin': 2, 'count': 12, 'mean_probability': 0.24087966423120824, 'observed': 0.3333333333333333}, {'bin': 3, 'count': 6, 'mean_probability': 0.35602757116252387, 'observed': 0.16666666666666666}, {'bin': 4, 'count': 6, 'mean_probability': 0.44027358644374676, 'observed': 0.6666666666666666}, {'bin': 5, 'count': 10, 'mean_probability': 0.5404242293385828, 'observed': 0.4}, {'bin': 6, 'count': 16, 'mean_probability': 0.6410415467261255, 'observed': 0.5625}, {'bin': 7, 'count': 17, 'mean_probability': 0.7507125456623679, 'observed': 0.8823529411764706}, {'bin': 8, 'count': 7, 'mean_probability': 0.8474831788634319, 'observed': 0.8571428571428571}, {'bin': 9, 'count': 64, 'mean_probability': 0.9589893127604208, 'observed': 0.921875}]",456,binary,metadata_logreg,log_loss,test,False,0.9188717870953067,,,,
0.9415042838729244,0.8521739130434782,0.8499507165061795,0.8712871287128713,0.8073394495412844,0.8380952380952381,0.9245302472944024,0.09970747929754716,"[[108, 13], [21, 88]]","[0.8925619834710744, 0.8073394495412844]",0.8925619834710744,malignant probability vs malignant frequency,0.06515917205594651,"[{'bin': 0, 'count': 93, 'mean_probability': 0.028365146806784976, 'observed': 0.021505376344086023}, {'bin': 1, 'count': 9, 'mean_probability': 0.15947837494905373, 'observed': 0.5555555555555556}, {'bin': 2, 'count': 8, 'mean_probability': 0.24551831077841657, 'observed': 0.375}, {'bin': 3, 'count': 9, 'mean_probability': 0.3712834667871639, 'observed': 0.5555555555555556}, {'bin': 4, 'count': 10, 'mean_probability': 0.46377690269088545, 'observed': 0.6}, {'bin': 5, 'count': 8, 'mean_probability': 0.5570409323912351, 'observed': 0.375}, {'bin': 6, 'count': 10, 'mean_probability': 0.6557872979060362, 'observed': 1.0}, {'bin': 7, 'count': 19, 'mean_probability': 0.7429788227186366, 'observed': 0.7894736842105263}, {'bin': 8, 'count': 19, 'mean_probability': 0.8487320616291545, 'observed': 0.8947368421052632}, {'bin': 9, 'count': 45, 'mean_probability': 0.9571438962474969, 'observed': 0.9555555555555556}]",456,binary,metadata_boosting,log_loss,test,False,0.921373872166199,,,,
0.5,0.5260869565217391,0.5,0.0,0.0,0.0,0.47391304347826085,0.24931947150521164,"[[121, 0], [109, 0]]","[1.0, 0.0]",1.0,malignant probability vs malignant frequency,2.838624213469254e-05,"[{'bin': 0, 'count': 0, 'mean_probability': None, 'observed': None}, {'bin': 1, 'count': 0, 'mean_probability': None, 'observed': None}, {'bin': 2, 'count': 0, 'mean_probability': None, 'observed': None}, {'bin': 3, 'count': 0, 'mean_probability': None, 'observed': None}, {'bin': 4, 'count': 230, 'mean_probability': 0.47388465723612616, 'observed': 0.47391304347826085}, {'bin': 5, 'count': 0, 'mean_probability': None, 'observed': None}, {'bin': 6, 'count': 0, 'mean_probability': None, 'observed': None}, {'bin': 7, 'count': 0, 'mean_probability': None, 'observed': None}, {'bin': 8, 'count': 0, 'mean_probability': None, 'observed': None}, {'bin': 9, 'count': 0, 'mean_probability': None, 'observed': None}]",456,binary,metadata_prior,prior,test,False,0.5,,,,
0.9288422169990144,0.8260869565217391,0.8224277807263629,0.8631578947368421,0.7522935779816514,0.803921568627451,,,,,,,,,456,binary,B_metadata_capacity,focal,test,False,0.9222079005231633,14.0,1838.0,230.0,230.0
0.9255440139510197,0.8260869565217391,0.8206080824929867,0.896551724137931,0.7155963302752294,0.7959183673469388,,,,,,,,,456,binary,B_visual_capacity,focal,test,False,0.914663734930624,24.0,1838.0,230.0,230.0
0.9600424596254455,0.8782608695652174,0.8765638031693077,0.8932038834951457,0.8440366972477065,0.8679245283018868,,,,,,,,,456,binary,A_focal,focal,test,False,0.945560694518159,29.0,1838.0,230.0,230.0
0.963606035332474,0.8869565217391304,0.8852831905375692,0.9029126213592233,0.8532110091743119,0.8773584905660378,,,,,,,,,456,binary,B_bce,bce,test,False,0.944575024641747,12.0,1838.0,230.0,230.0
0.9244446129350217,0.8173913043478261,0.8127985442414133,0.8681318681318682,0.7247706422018348,0.79,,,,,,,,,456,binary,metadata_mlp_focal,focal,test,False,0.9253165516718477,14.0,1838.0,230.0,230.0
0.9072825167312867,0.691304347826087,0.6617040940384805,0.5884967235695098,0.6617040940384805,0.6129557529976817,0.6546110005564548,0.4402903519443562,"[[61, 3, 10, 4, 3, 4], [0, 3, 0, 2, 0, 0], [6, 0, 11, 1, 1, 0], [6, 0, 2, 51, 8, 6], [4, 4, 0, 0, 15, 1], [0, 0, 0, 4, 2, 18]]","[0.7176470588235294, 0.6, 0.5789473684210527, 0.6986301369863014, 0.625, 0.75]",,top-label confidence vs accuracy,0.05682407362094477,"[{'bin': 0, 'count': 0, 'mean_probability': None, 'observed': None}, {'bin': 1, 'count': 0, 'mean_probability': None, 'observed': None}, {'bin': 2, 'count': 1, 'mean_probability': 0.28803900809862326, 'observed': 0.0}, {'bin': 3, 'count': 12, 'mean_probability': 0.37215342623180164, 'observed': 0.5833333333333334}, {'bin': 4, 'count': 26, 'mean_probability': 0.45825716368760144, 'observed': 0.38461538461538464}, {'bin': 5, 'count': 27, 'mean_probability': 0.5540225805769838, 'observed': 0.5555555555555556}, {'bin': 6, 'count': 37, 'mean_probability': 0.6418157915400844, 'observed': 0.5945945945945946}, {'bin': 7, 'count': 22, 'mean_probability': 0.7438031337052543, 'observed': 0.5909090909090909}, {'bin': 8, 'count': 47, 'mean_probability': 0.8512273577324937, 'observed': 0.851063829787234}, {'bin': 9, 'count': 58, 'mean_probability': 0.951253852021988, 'observed': 0.896551724137931}]",456,multi,metadata_logreg,log_loss,test,False,0.5982591485545662,,,,
0.9230985099629359,0.7130434782608696,0.58295346376955,0.6116297733497125,0.58295346376955,0.5857944621431121,0.6661512145265774,0.4150108427824721,"[[65, 0, 11, 5, 2, 2], [0, 1, 0, 2, 2, 0], [10, 0, 4, 4, 1, 0], [3, 1, 5, 57, 1, 6], [3, 0, 1, 1, 19, 0], [0, 0, 0, 4, 2, 18]]","[0.7647058823529411, 0.2, 0.21052631578947367, 0.7808219178082192, 0.7916666666666666, 0.75]",,top-label confidence vs accuracy,0.06981018107965427,"[{'bin': 0, 'count': 0, 'mean_probability': None, 'observed': None}, {'bin': 1, 'count': 0, 'mean_probability': None, 'observed': None}, {'bin': 2, 'count': 2, 'mean_probability': 0.26953684910477477, 'observed': 0.5}, {'bin': 3, 'count': 8, 'mean_probability': 0.3864115688533998, 'observed': 0.875}, {'bin': 4, 'count': 22, 'mean_probability': 0.4445536367027916, 'observed': 0.45454545454545453}, {'bin': 5, 'count': 20, 'mean_probability': 0.5539558521109555, 'observed': 0.5}, {'bin': 6, 'count': 37, 'mean_probability': 0.6510553458806523, 'observed': 0.5945945945945946}, {'bin': 7, 'count': 39, 'mean_probability': 0.7558525199317795, 'observed': 0.6666666666666666}, {'bin': 8, 'count': 38, 'mean_probability': 0.837830575913734, 'observed': 0.7631578947368421}, {'bin': 9, 'count': 64, 'mean_probability': 0.952858014108658, 'observed': 0.921875}]",456,multi,metadata_boosting,log_loss,test,False,0.5149326439456382,,,,
0.5,0.3173913043478261,0.16666666666666666,0.05289855072463768,0.16666666666666666,0.08030803080308031,0.16666666666666663,0.8333333333333329,"[[0, 0, 0, 85, 0, 0], [0, 0, 0, 5, 0, 0], [0, 0, 0, 19, 0, 0], [0, 0, 0, 73, 0, 0], [0, 0, 0, 24, 0, 0], [0, 0, 0, 24, 0, 0]]","[0.0, 0.0, 0.0, 1.0, 0.0, 0.0]",,top-label confidence vs accuracy,0.1507246376811586,"[{'bin': 0, 'count': 0, 'mean_probability': None, 'observed': None}, {'bin': 1, 'count': 230, 'mean_probability': 0.1666666666666675, 'observed': 0.3173913043478261}, {'bin': 2, 'count': 0, 'mean_probability': None, 'observed': None}, {'bin': 3, 'count': 0, 'mean_probability': None, 'observed': None}, {'bin': 4, 'count': 0, 'mean_probability': None, 'observed': None}, {'bin': 5, 'count': 0, 'mean_probability': None, 'observed': None}, {'bin': 6, 'count': 0, 'mean_probability': None, 'observed': None}, {'bin': 7, 'count': 0, 'mean_probability': None, 'observed': None}, {'bin': 8, 'count': 0, 'mean_probability': None, 'observed': None}, {'bin': 9, 'count': 0, 'mean_probability': None, 'observed': None}]",456,multi,metadata_prior,prior,test,False,0.16666666666666666,,,,
0.8530306393608154,0.44782608695652176,0.4606872994331113,0.5056076484647912,0.4606872994331113,0.3632649524065023,,,,,,,,,456,multi,B_metadata_capacity,focal,test,False,0.517000634930001,2.0,1838.0,230.0,230.0
0.9200547456634491,0.6826086956521739,0.648605691976382,0.6392525675714992,0.648605691976382,0.634654362403723,,,,,,,,,456,multi,B_visual_capacity,focal,test,False,0.6973356419461926,22.0,1838.0,230.0,230.0
0.9047510625379478,0.8391304347826087,0.8419854280510017,0.7933884297520661,0.8888888888888888,0.8384279475982532,0.8753353579230985,0.12071831295158858,"[[97, 25], [12, 96]]","[0.7950819672131147, 0.8888888888888888]",0.7950819672131147,malignant probability vs malignant frequency,0.0861248131651072,"[{'bin': 0, 'count': 69, 'mean_probability': 0.04120190632162146, 'observed': 0.0}, {'bin': 1, 'count': 20, 'mean_probability': 0.14176523286695641, 'observed': 0.15}, {'bin': 2, 'count': 8, 'mean_probability': 0.2525174149982653, 'observed': 0.25}, {'bin': 3, 'count': 6, 'mean_probability': 0.3490661741599194, 'observed': 0.5}, {'bin': 4, 'count': 6, 'mean_probability': 0.4621169739689901, 'observed': 0.6666666666666666}, {'bin': 5, 'count': 7, 'mean_probability': 0.5417887637643293, 'observed': 0.5714285714285714}, {'bin': 6, 'count': 10, 'mean_probability': 0.6563919440163943, 'observed': 1.0}, {'bin': 7, 'count': 17, 'mean_probability': 0.7555803875733598, 'observed': 0.6470588235294118}, {'bin': 8, 'count': 30, 'mean_probability': 0.8465626736901299, 'observed': 0.7}, {'bin': 9, 'count': 57, 'mean_probability': 0.960749714122324, 'observed': 0.8771929824561403}]",789,binary,metadata_logreg,log_loss,test,False,0.9322252580449303,,,,
0.9279751062537948,0.8565217391304348,0.862629022465088,0.7819548872180451,0.9629629629629629,0.8630705394190872,0.8894274032410017,0.10113170598342489,"[[93, 29], [4, 104]]","[0.7622950819672131, 0.9629629629629629]",0.7622950819672131,malignant probability vs malignant frequency,0.07402997450570802,"[{'bin': 0, 'count': 77, 'mean_probability': 0.020891654006577085, 'observed': 0.0}, {'bin': 1, 'count': 6, 'mean_probability': 0.15279706694937234, 'observed': 0.0}, {'bin': 2, 'count': 5, 'mean_probability': 0.25220624288185045, 'observed': 0.2}, {'bin': 3, 'count': 6, 'mean_probability': 0.34234136518597924, 'observed': 0.5}, {'bin': 4, 'count': 3, 'mean_probability': 0.4530564482052845, 'observed': 0.0}, {'bin': 5, 'count': 10, 'mean_probability': 0.5494717290097526, 'observed': 0.4}, {'bin': 6, 'count': 18, 'mean_probability': 0.6363508630756877, 'observed': 0.7222222222222222}, {'bin': 7, 'count': 27, 'mean_probability': 0.7486040413707513, 'observed': 0.6296296296296297}, {'bin': 8, 'count': 30, 'mean_probability': 0.8553923822022469, 'observed': 0.9333333333333333}, {'bin': 9, 'count': 48, 'mean_probability': 0.9446742208858941, 'observed': 0.875}]",789,binary,metadata_boosting,log_loss,test,False,0.9475561627200971,,,,
0.5,0.5304347826086957,0.5,0.0,0.0,0.0,0.46956521739130436,0.2491029659195724,"[[122, 0], [108, 0]]","[1.0, 0.0]",1.0,malignant probability vs malignant frequency,0.005407579126649853,"[{'bin': 0, 'count': 0, 'mean_probability': None, 'observed': None}, {'bin': 1, 'count': 0, 'mean_probability': None, 'observed': None}, {'bin': 2, 'count': 0, 'mean_probability': None, 'observed': None}, {'bin': 3, 'count': 0, 'mean_probability': None, 'observed': None}, {'bin': 4, 'count': 230, 'mean_probability': 0.4749727965179542, 'observed': 0.46956521739130436}, {'bin': 5, 'count': 0, 'mean_probability': None, 'observed': None}, {'bin': 6, 'count': 0, 'mean_probability': None, 'observed': None}, {'bin': 7, 'count': 0, 'mean_probability': None, 'observed': None}, {'bin': 8, 'count': 0, 'mean_probability': None, 'observed': None}, {'bin': 9, 'count': 0, 'mean_probability': None, 'observed': None}]",789,binary,metadata_prior,prior,test,False,0.5,,,,
0.9315421979356406,0.8608695652173913,0.8614146933819065,0.8392857142857143,0.8703703703703703,0.8545454545454545,,,,,,,,,789,binary,B_metadata_capacity,focal,test,False,0.9429265330904675,13.0,1838.0,230.0,230.0
0.8835382513661203,0.8,0.7965998785670916,0.8163265306122449,0.7407407407407407,0.7766990291262136,,,,,,,,,789,binary,B_visual_capacity,focal,test,False,0.9140103217972071,14.0,1838.0,230.0,230.0
0.9322252580449302,0.8652173913043478,0.8702944748026715,0.7984496124031008,0.9537037037037037,0.869198312236287,,,,,,,,,789,binary,A_focal,focal,test,False,0.9746508803885854,15.0,1838.0,230.0,230.0
0.9280510018214937,0.8869565217391304,0.8886612021857923,0.853448275862069,0.9166666666666666,0.8839285714285714,,,,,,,,,789,binary,B_bce,bce,test,False,0.9713873709775349,17.0,1838.0,230.0,230.0
0.9275956284153006,0.8478260869565217,0.844869459623558,0.8686868686868687,0.7962962962962963,0.8309178743961353,,,,,,,,,789,binary,metadata_mlp_focal,focal,test,False,0.9425470552519734,8.0,1838.0,230.0,230.0
0.8973131865397619,0.6217391304347826,0.6922044265915931,0.5856238234057783,0.6922044265915931,0.5804604999829751,0.6748335904321942,0.5199391714803672,"[[50, 7, 18, 4, 0, 5], [0, 5, 0, 0, 0, 0], [3, 2, 11, 1, 1, 1], [2, 2, 18, 43, 3, 5], [2, 2, 0, 1, 16, 4], [0, 0, 2, 3, 1, 18]]","[0.5952380952380952, 1.0, 0.5789473684210527, 0.589041095890411, 0.64, 0.75]",,top-label confidence vs accuracy,0.10340515047541865,"[{'bin': 0, 'count': 0, 'mean_probability': None, 'observed': None}, {'bin': 1, 'count': 0, 'mean_probability': None, 'observed': None}, {'bin': 2, 'count': 1, 'mean_probability': 0.2888574735621341, 'observed': 0.0}, {'bin': 3, 'count': 11, 'mean_probability': 0.3711513852284232, 'observed': 0.18181818181818182}, {'bin': 4, 'count': 31, 'mean_probability': 0.463525415622808, 'observed': 0.5806451612903226}, {'bin': 5, 'count': 29, 'mean_probability': 0.552571524151017, 'observed': 0.41379310344827586}, {'bin': 6, 'count': 51, 'mean_probability': 0.6541543355239285, 'observed': 0.5294117647058824}, {'bin': 7, 'count': 33, 'mean_probability': 0.7456806996966056, 'observed': 0.6363636363636364}, {'bin': 8, 'count': 38, 'mean_probability': 0.85300394638273, 'observed': 0.8421052631578947}, {'bin': 9, 'count': 36, 'mean_probability': 0.954802539387416, 'observed': 0.8611111111111112}]",789,multi,metadata_logreg,log_loss,test,False,0.715224905871986,,,,
0.8925610410337925,0.6695652173913044,0.544255187054394,0.5461539084780918,0.544255187054394,0.5361085948099038,0.6532649884823076,0.44275765885303725,"[[70, 5, 6, 3, 0, 0], [0, 2, 1, 1, 1, 0], [13, 0, 1, 2, 0, 3], [8, 0, 11, 49, 1, 4], [2, 0, 0, 0, 15, 8], [3, 0, 0, 3, 1, 17]]","[0.8333333333333334, 0.4, 0.05263157894736842, 0.6712328767123288, 0.6, 0.7083333333333334]",,top-label confidence vs accuracy,0.07834288210213247,"[{'bin': 0, 'count': 0, 'mean_probability': None, 'observed': None}, {'bin': 1, 'count': 0, 'mean_probability': None, 'observed': None}, {'bin': 2, 'count': 0, 'mean_probability': None, 'observed': None}, {'bin': 3, 'count': 6, 'mean_probability': 0.358353943132008, 'observed': 0.6666666666666666}, {'bin': 4, 'count': 25, 'mean_probability': 0.45755920469343986, 'observed': 0.36}, {'bin': 5, 'count': 31, 'mean_probability': 0.5604781441542964, 'observed': 0.3870967741935484}, {'bin': 6, 'count': 49, 'mean_probability': 0.6417016778401612, 'observed': 0.6530612244897959}, {'bin': 7, 'count': 37, 'mean_probability': 0.7470703643665295, 'observed': 0.5945945945945946}, {'bin': 8, 'count': 24, 'mean_probability': 0.8662427065139795, 'observed': 0.875}, {'bin': 9, 'count': 58, 'mean_probability': 0.9645997869845715, 'observed': 0.9310344827586207}]",789,multi,metadata_boosting,log_loss,test,False,0.7058357079914398,,,,
0.5,0.3173913043478261,0.16666666666666666,0.05289855072463768,0.16666666666666666,0.08030803080308031,0.16666666666666666,0.8333333333333337,"[[0, 0, 0, 84, 0, 0], [0, 0, 0, 5, 0, 0], [0, 0, 0, 19, 0, 0], [0, 0, 0, 73, 0, 0], [0, 0, 0, 25, 0, 0], [0, 0, 0, 24, 0, 0]]","[0.0, 0.0, 0.0, 1.0, 0.0, 0.0]",,top-label confidence vs accuracy,0.1507246376811583,"[{'bin': 0, 'count': 0, 'mean_probability': None, 'observed': None}, {'bin': 1, 'count': 230, 'mean_probability': 0.1666666666666678, 'observed': 0.3173913043478261}, {'bin': 2, 'count': 0, 'mean_probability': None, 'observed': None}, {'bin': 3, 'count': 0, 'mean_probability': None, 'observed': None}, {'bin': 4, 'count': 0, 'mean_probability': None, 'observed': None}, {'bin': 5, 'count': 0, 'mean_probability': None, 'observed': None}, {'bin': 6, 'count': 0, 'mean_probability': None, 'observed': None}, {'bin': 7, 'count': 0, 'mean_probability': None, 'observed': None}, {'bin': 8, 'count': 0, 'mean_probability': None, 'observed': None}, {'bin': 9, 'count': 0, 'mean_probability': None, 'observed': None}]",789,multi,metadata_prior,prior,test,False,0.16666666666666666,,,,
0.9078771356699291,0.5956521739130435,0.6169820956500841,0.5850519208828658,0.6169820956500841,0.5588095931845931,,,,,,,,,789,multi,B_metadata_capacity,focal,test,False,0.7350902942287224,22.0,1838.0,230.0,230.0
0.9074351217827217,0.6391304347826087,0.5854097286595484,0.6298807755469072,0.5854097286595484,0.5908302117231133,,,,,,,,,789,multi,B_visual_capacity,focal,test,False,0.6996544157196646,14.0,1838.0,230.0,230.0
0.9470012889529154,0.8739130434782608,0.8747061945560695,0.8508771929824561,0.8899082568807339,0.8699551569506726,0.9325821795651056,0.08965276401674042,"[[104, 17], [12, 97]]","[0.859504132231405, 0.8899082568807339]",0.859504132231405,malignant probability vs malignant frequency,0.047815183005837564,"[{'bin': 0, 'count': 72, 'mean_probability': 0.03810352777764782, 'observed': 0.0}, {'bin': 1, 'count': 21, 'mean_probability': 0.14240410795323133, 'observed': 0.09523809523809523}, {'bin': 2, 'count': 8, 'mean_probability': 0.24866104037981568, 'observed': 0.25}, {'bin': 3, 'count': 7, 'mean_probability': 0.347766002476621, 'observed': 0.7142857142857143}, {'bin': 4, 'count': 8, 'mean_probability': 0.45555132002718796, 'observed': 0.375}, {'bin': 5, 'count': 10, 'mean_probability': 0.5520947335654455, 'observed': 0.5}, {'bin': 6, 'count': 8, 'mean_probability': 0.6563737529282498, 'observed': 0.875}, {'bin': 7, 'count': 11, 'mean_probability': 0.7502443798083845, 'observed': 0.7272727272727273}, {'bin': 8, 'count': 32, 'mean_probability': 0.8525084847372137, 'observed': 0.8125}, {'bin': 9, 'count': 53, 'mean_probability': 0.9577382150418872, 'observed': 0.9622641509433962}]",2024,binary,metadata_logreg,log_loss,test,False,0.9132610508757298,,,,
0.9581469406323452,0.8826086956521739,0.8829706573659868,0.8660714285714286,0.8899082568807339,0.8778280542986425,0.949854086740657,0.08323178915216287,"[[106, 15], [12, 97]]","[0.8760330578512396, 0.8899082568807339]",0.8760330578512396,malignant probability vs malignant frequency,0.06148306066258182,"[{'bin': 0, 'count': 91, 'mean_probability': 0.015313419365830127, 'observed': 0.01098901098901099}, {'bin': 1, 'count': 11, 'mean_probability': 0.15855996196911742, 'observed': 0.2727272727272727}, {'bin': 2, 'count': 7, 'mean_probability': 0.253339094669256, 'observed': 0.42857142857142855}, {'bin': 3, 'count': 3, 'mean_probability': 0.38374405295873, 'observed': 0.6666666666666666}, {'bin': 4, 'count': 6, 'mean_probability': 0.45151944118824466, 'observed': 0.5}, {'bin': 5, 'count': 7, 'mean_probability': 0.5815281373699932, 'observed': 1.0}, {'bin': 6, 'count': 7, 'mean_probability': 0.6783808432990497, 'observed': 0.14285714285714285}, {'bin': 7, 'count': 10, 'mean_probability': 0.7502358426360585, 'observed': 0.6}, {'bin': 8, 'count': 27, 'mean_probability': 0.854901671019187, 'observed': 0.8888888888888888}, {'bin': 9, 'count': 61, 'mean_probability': 0.9503691378670804, 'observed': 0.9672131147540983}]",2024,binary,metadata_boosting,log_loss,test,False,0.9306998256122526,,,,
0.5,0.5260869565217391,0.5,0.0,0.0,0.0,0.47391304347826085,0.2493194715052117,"[[121, 0], [109, 0]]","[1.0, 0.0]",1.0,malignant probability vs malignant frequency,2.838624213469254e-05,"[{'bin': 0, 'count': 0, 'mean_probability': None, 'observed': None}, {'bin': 1, 'count': 0, 'mean_probability': None, 'observed': None}, {'bin': 2, 'count': 0, 'mean_probability': None, 'observed': None}, {'bin': 3, 'count': 0, 'mean_probability': None, 'observed': None}, {'bin': 4, 'count': 230, 'mean_probability': 0.47388465723612616, 'observed': 0.47391304347826085}, {'bin': 5, 'count': 0, 'mean_probability': None, 'observed': None}, {'bin': 6, 'count': 0, 'mean_probability': None, 'observed': None}, {'bin': 7, 'count': 0, 'mean_probability': None, 'observed': None}, {'bin': 8, 'count': 0, 'mean_probability': None, 'observed': None}, {'bin': 9, 'count': 0, 'mean_probability': None, 'observed': None}]",2024,binary,metadata_prior,prior,test,False,0.5,,,,
0.9563272423989688,0.8652173913043478,0.8609826370460232,0.9239130434782609,0.7798165137614679,0.845771144278607,,,,,,,,,2024,binary,B_metadata_capacity,focal,test,False,0.926984608385776,7.0,1838.0,230.0,230.0
0.9337326560012131,0.808695652173913,0.7999848358480552,0.9452054794520548,0.6330275229357798,0.7582417582417582,,,,,,,,,2024,binary,B_visual_capacity,focal,test,False,0.9059443475623625,13.0,1838.0,230.0,230.0
0.9542800818864206,0.8652173913043478,0.8641671089544318,0.8679245283018868,0.8440366972477065,0.8558139534883721,,,,,,,,,2024,binary,A_focal,focal,test,False,0.9535976950489043,18.0,1838.0,230.0,230.0
0.9542042611266964,0.8739130434782608,0.8751611191144135,0.8448275862068966,0.8990825688073395,0.8711111111111111,,,,,,,,,2024,binary,B_bce,bce,test,False,0.9531427704905604,8.0,1838.0,230.0,230.0
0.9586776859504132,0.8478260869565217,0.8449086359845326,0.8775510204081632,0.7889908256880734,0.8309178743961353,,,,,,,,,2024,binary,metadata_mlp_focal,focal,test,False,0.9267571461066041,7.0,1838.0,230.0,230.0
0.9099002319821919,0.6695652173913044,0.6583070295294696,0.5790707770422401,0.6583070295294696,0.5901310324493608,0.612080642976751,0.46445265274951486,"[[57, 4, 20, 1, 2, 1], [0, 4, 1, 0, 0, 0], [6, 2, 8, 3, 0, 0], [3, 0, 7, 53, 5, 5], [0, 3, 2, 0, 17, 3], [1, 0, 0, 1, 6, 15]]","[0.6705882352941176, 0.8, 0.42105263157894735, 0.726027397260274, 0.68, 0.6521739130434783]",,top-label confidence vs accuracy,0.10573256327423886,"[{'bin': 0, 'count': 0, 'mean_probability': None, 'observed': None}, {'bin': 1, 'count': 0, 'mean_probability': None, 'observed': None}, {'bin': 2, 'count': 2, 'mean_probability': 0.29145647804387986, 'observed': 0.0}, {'bin': 3, 'count': 25, 'mean_probability': 0.35505695919488744, 'observed': 0.36}, {'bin': 4, 'count': 59, 'mean_probability': 0.454683786919017, 'observed': 0.559322033898305}, {'bin': 5, 'count': 45, 'mean_probability': 0.5571929258247856, 'observed': 0.6222222222222222}, {'bin': 6, 'count': 29, 'mean_probability': 0.648372842839364, 'observed': 0.6551724137931034}, {'bin': 7, 'count': 37, 'mean_probability': 0.7503680689230646, 'observed': 0.972972972972973}, {'bin': 8, 'count': 30, 'mean_probability': 0.8574620138571548, 'observed': 0.9666666666666667}, {'bin': 9, 'count': 3, 'mean_probability': 0.9341056918021051, 'observed': 0.0}]",2024,multi,metadata_logreg,log_loss,test,False,0.5675704840936615,,,,
0.9170464994906583,0.7043478260869566,0.5733235973302208,0.5626358890151993,0.5733235973302208,0.5671264743768164,0.6354258229068854,0.39804557943613966,"[[64, 4, 9, 6, 2, 0], [0, 1, 0, 3, 0, 1], [11, 0, 4, 4, 0, 0], [7, 0, 2, 57, 2, 5], [0, 1, 1, 0, 20, 3], [5, 0, 0, 0, 2, 16]]","[0.7529411764705882, 0.2, 0.21052631578947367, 0.7808219178082192, 0.8, 0.6956521739130435]",,top-label confidence vs accuracy,0.08685525056783386,"[{'bin': 0, 'count': 0, 'mean_probability': None, 'observed': None}, {'bin': 1, 'count': 0, 'mean_probability': None, 'observed': None}, {'bin': 2, 'count': 0, 'mean_probability': None, 'observed': None}, {'bin': 3, 'count': 3, 'mean_probability': 0.3452056870193958, 'observed': 0.3333333333333333}, {'bin': 4, 'count': 24, 'mean_probability': 0.46693150957468615, 'observed': 0.125}, {'bin': 5, 'count': 22, 'mean_probability': 0.5437812502610239, 'observed': 0.5454545454545454}, {'bin': 6, 'count': 19, 'mean_probability': 0.6423989581843692, 'observed': 0.631578947368421}, {'bin': 7, 'count': 36, 'mean_probability': 0.7539840294610635, 'observed': 0.5277777777777778}, {'bin': 8, 'count': 41, 'mean_probability': 0.854981188698455, 'observed': 0.8780487804878049}, {'bin': 9, 'count': 85, 'mean_probability': 0.9576840625415178, 'observed': 0.9294117647058824}]",2024,multi,metadata_boosting,log_loss,test,False,0.5600272841652884,,,,
0.5,0.3173913043478261,0.16666666666666666,0.05289855072463768,0.16666666666666666,0.08030803080308031,0.16666666666666666,0.8333333333333329,"[[0, 0, 0, 85, 0, 0], [0, 0, 0, 5, 0, 0], [0, 0, 0, 19, 0, 0], [0, 0, 0, 73, 0, 0], [0, 0, 0, 25, 0, 0], [0, 0, 0, 23, 0, 0]]","[0.0, 0.0, 0.0, 1.0, 0.0, 0.0]",,top-label confidence vs accuracy,0.1507246376811586,"[{'bin': 0, 'count': 0, 'mean_probability': None, 'observed': None}, {'bin': 1, 'count': 230, 'mean_probability': 0.1666666666666675, 'observed': 0.3173913043478261}, {'bin': 2, 'count': 0, 'mean_probability': None, 'observed': None}, {'bin': 3, 'count': 0, 'mean_probability': None, 'observed': None}, {'bin': 4, 'count': 0, 'mean_probability': None, 'observed': None}, {'bin': 5, 'count': 0, 'mean_probability': None, 'observed': None}, {'bin': 6, 'count': 0, 'mean_probability': None, 'observed': None}, {'bin': 7, 'count': 0, 'mean_probability': None, 'observed': None}, {'bin': 8, 'count': 0, 'mean_probability': None, 'observed': None}, {'bin': 9, 'count': 0, 'mean_probability': None, 'observed': None}]",2024,multi,metadata_prior,prior,test,False,0.16666666666666666,,,,
0.9002557634545507,0.6086956521739131,0.6003633545202037,0.5488404927259417,0.6003633545202037,0.533491941153832,,,,,,,,,2024,multi,B_metadata_capacity,focal,test,False,0.628871147113015,5.0,1838.0,230.0,230.0
0.9293161687359844,0.6869565217391305,0.6442965522624836,0.6571732093471224,0.6442965522624836,0.644393461578892,,,,,,,,,2024,multi,B_visual_capacity,focal,test,False,0.7200333041171287,40.0,1838.0,230.0,230.0
