task,model,loss,auc_mean,auc_std,accuracy_mean,accuracy_std,balanced_accuracy_mean,balanced_accuracy_std,precision_mean,precision_std,recall_mean,recall_std,f1_mean,f1_std
binary,A_focal,focal,0.9540323915308534,0.011446936952206834,0.8817391304347826,0.017693034738587635,0.8830298120598098,0.017407556385589183,0.8586463460661807,0.04115990907963816,0.902599388379205,0.05127688950430834,0.8780165127298758,0.01846754378295603
binary,B_bce,bce,0.9541375381676043,0.013519677804009277,0.8904347826086957,0.014393865528040763,0.8912445068504079,0.01404960714147229,0.8703892118371529,0.029397177262130432,0.9043153244988108,0.027987721331656112,0.8863210189037684,0.014437856773118986
binary,B_metadata_capacity,focal,0.9468360139677768,0.013709455573044795,0.8608695652173914,0.01885172468580765,0.859239019673945,0.01976867345512674,0.8740845399944875,0.03350518989967287,0.8270812096500169,0.05255239392538346,0.8482281894016641,0.023885993983629988
binary,B_visual_capacity,focal,0.9084014356363923,0.01984067222031618,0.7860869565217391,0.04821188269784039,0.7787892633108592,0.05180286678170442,0.8770992029807971,0.04718738071146859,0.6430682976554536,0.13000492986701703,0.7313909957009125,0.09258162680843142
binary,metadata_boosting,log_loss,0.9509150810713589,0.014021673238275504,0.8773913043478261,0.01971440704131242,0.8789970602997853,0.0200818641344027,0.8495449565339561,0.035893769416781886,0.9044512402310568,0.05747741170698047,0.8740671646309919,0.02194471262500364
binary,metadata_logreg,log_loss,0.9366856306033762,0.020227280723779495,0.8686956521739131,0.025559892968172272,0.8695128373477135,0.024765315024374925,0.8463668270274047,0.037131672648181006,0.883978933061502,0.017968109923063684,0.8644224708160456,0.024462018162657286
binary,metadata_mlp_focal,focal,0.9443011618530152,0.015125525655231578,0.8547826086956523,0.024066700005387884,0.851717151461474,0.02484441732676329,0.8848987613693495,0.016913268405583843,0.7956846755011893,0.041623513416130895,0.8375859213250518,0.029467698584807946
binary,metadata_prior,prior,0.5,0.0,0.5278260869565218,0.0021299910806810663,0.5,0.0,0.0,0.0,0.0,0.0,0.0,0.0
multi,B_metadata_capacity,focal,0.8907373943879543,0.019696873155250125,0.5843478260869566,0.07013893853939401,0.5548678645632521,0.05721531503684132,0.5450807372207391,0.03128914561043131,0.5548678645632521,0.05721531503684132,0.5038661304024787,0.07444978344818853
multi,B_visual_capacity,focal,0.9203107806211837,0.007149170921296443,0.6565217391304348,0.0583969857056724,0.6343035948107548,0.033967780905889484,0.643368801948338,0.043278195784342825,0.6343035948107548,0.033967780905889484,0.6180977118021433,0.04981079090258857
multi,metadata_boosting,log_loss,0.9091062208834135,0.010577509922845991,0.6939130434782609,0.01570040876979808,0.5573307295583667,0.01843196984873503,0.5670514805827442,0.02594990684330567,0.5573307295583667,0.01843196984873503,0.556674735475335,0.019555383438542146
multi,metadata_logreg,log_loss,0.8995329022138918,0.008846016944377868,0.6739130434782609,0.02790748962761951,0.6491478192438904,0.030181847342311288,0.5823305105058318,0.005464658941106114,0.6491478192438904,0.030181847342311288,0.5899779058184806,0.012547298754871605
multi,metadata_prior,prior,0.5,0.0,0.3269565217391304,0.019130434782608695,0.16666666666666666,0.0,0.05449275362318841,0.0031884057971014513,0.16666666666666666,0.0,0.08208081954692284,0.0035455774876850697
